filesize	gz_filesize	nrows
5799392	24912447173	287615232
5983448	24912447173	287615232
6674424	28673675223	331041232
6807680	28673675223	331041232
6466580	28116546134	324609344
6526580	28116546134	324609344
5434292	23530625569	271664084
5554120	23530625569	271664084
6570168	28614885582	330362764
6780900	28614885582	330362764
5070736	22049241208	254559312
5232388	22049241208	254559312
5395876	23372952840	269841348
5540444	23372952840	269841348
5122972	22962885792	265106880
5315724	22962885792	265106880
5483644	24334269699	280939880
5709976	24334269699	280939880
6218928	26785555743	309238172
6415812	26785555743	309238172
5367740	23514727686	271478200
5495456	23514727686	271478200
5619960	24080581906	278009244
5769528	24080581906	278009244
5262408	23044183407	266047136
5394932	23044183407	266047136
5262032	23115585489	266871452
5483536	23115585489	266871452
5839664	25163035348	290509780
5950948	25163035348	290509780
5910348	25697925519	296685112
6076176	25697925519	296685112
5246240	22461792412	259323988
5362980	22461792412	259323988
5421160	23361083226	269706200
5535752	23361083226	269706200
6057664	26250807122	303068796
6186540	26250807122	303068796
6024968	26166557057	302095992
6202232	26166557057	302095992
5491664	23773748541	274469740
5794764	23773748541	274469740
5497604	23842064408	275259140
5825608	23842064408	275259140
5564340	24081367780	278021796
5803204	24081367780	278021796
6219792	26977070453	311451784
6552260	26977070453	311451784
5504256	23398331758	270135412
5811592	23398331758	270135412
5460932	23280403326	268774044
5768552	23280403326	268774044
5763400	24252287222	279994136
6074912	24252287222	279994136
5443656	23062193219	266254688
5766688	23062193219	266254688
5355812	22873121113	264071328
5660652	22873121113	264071328
6505820	27968538916	322898284
6950384	27968538916	322898284
5665688	24671456034	284832320
5951728	24671456034	284832320
5446664	23606872661	272541284
5795740	23606872661	272541284
6299280	26313814537	303784032
6667740	26313814537	303784032
5635984	23312194490	269131736
5942020	23312194490	269131736
5454432	22688039058	261931648
5863152	22688039058	261931648
6338828	26403381670	304823224
6721800	26403381670	304823224
5780636	23884030737	275737092
5963656	23884030737	275737092
6060388	25363425235	292816676
6332704	25363425235	292816676
6307328	26173178371	302166080
6599080	26173178371	302166080
6200560	25619048843	295768884
6437636	25619048843	295768884
5506048	23774666102	274481208
5838212	23774666102	274481208
5145252	22110864607	255271972
5402236	22110864607	255271972
5665732	24121337669	278477700
5828632	24121337669	278477700
5216568	22114727669	255311824
5406524	22114727669	255311824
5864592	25306897638	292168668
5971944	25306897638	292168668
6020584	25851043530	298453756
6023552	25851043530	298453756
5424252	23269459836	268649272
5510444	23269459836	268649272
6616888	28892897180	333569280
6838860	28892897180	333569280
6602764	28816304576	332684648
6865972	28816304576	332684648
5525856	23895765155	275880092
5609816	23895765155	275880092
6484216	27918832577	322327204
6658520	27918832577	322327204
5527084	23744991460	274138704
5617972	23744991460	274138704
5517860	23709914144	273733652
5591908	23709914144	273733652
5697188	24657916371	284676564
5889552	24657916371	284676564
5122752	22135545004	255555028
5324824	22135545004	255555028
6278004	26830821068	309759840
6444156	26830821068	309759840
5961832	25434007316	293635020
6112084	25434007316	293635020
5788340	24907428489	287556120
5843432	24907428489	287556120
5823656	24962885338	288196668
5960592	24962885338	288196668
6372752	28066177952	324026436
6602856	28066177952	324026436
6403500	28147538343	324965952
6615904	28147538343	324965952
5794004	25216421427	291124080
6002680	25216421427	291124080
6814192	29632706951	342110200
7029500	29632706951	342110200
5855668	25059698966	289313584
6044552	25059698966	289313584
5700104	24313314391	280696140
5878560	24313314391	280696140
5298964	22678525206	261825532
5516616	22678525206	261825532
5220180	22409124234	258715096
5339420	22409124234	258715096
5747212	24684521146	284983424
5941768	24684521146	284983424
5697212	24546380729	283388660
5847516	24546380729	283388660
5929908	25761268498	297417072
6136716	25761268498	297417072
6777848	29609591872	341846776
7031944	29609591872	341846776
5096700	22294403325	257391700
5289732	22294403325	257391700
6682560	29276405859	338000216
6904804	29276405859	338000216
6268592	27681951093	319590604
6452884	27681951093	319590604
6085596	26925312519	310855028
6240920	26925312519	310855028
6266560	27458705644	317011160
6388572	27458705644	317011160
5299000	23517600654	271511488
5374024	23517600654	271511488
5730420	25338536059	292534248
5805844	25338536059	292534248
5676308	24859041505	286998464
5873596	24859041505	286998464
5484632	23584610619	272284668
5598644	23584610619	272284668
6789092	29298299222	338249040
6884724	29298299222	338249040
6241316	26663777888	307836264
6570740	26663777888	307836264
6113952	26292286715	303547192
6418032	26292286715	303547192
5744392	24776643920	286048460
5990784	24776643920	286048460
5302232	22877847175	264126712
5520520	22877847175	264126712
6537344	28873765210	333350508
6650148	28873765210	333350508
6561544	28840562431	332967384
6814592	28840562431	332967384
5489452	23566468598	272077512
5776316	23566468598	272077512
6382720	27385452812	316168012
6786884	27385452812	316168012
6114920	26404012772	304838024
6098912	26404012772	304838024
5530748	23765995934	274381504
5636220	23765995934	274381504
6219348	27086928539	312719496
6401076	27086928539	312719496
6631048	28845541162	333022532
6782588	28845541162	333022532
5816308	25452379923	293851156
5960652	25452379923	293851156
6087008	26750805295	308841548
6173080	26750805295	308841548
6248336	27015569955	311898000
6501032	27015569955	311898000
5254184	22575290230	260634252
5673548	22575290230	260634252
6068940	26162970361	302054460
6442628	26162970361	302054460
5798720	24863047498	287046280
6127136	24863047498	287046280
5820352	25072505648	289462104
6049172	25072505648	289462104
5497152	23549216277	271876456
5674784	23549216277	271876456
6543372	28150700326	325000128
6583368	28150700326	325000128
5989872	25683035444	296511144
6106196	25683035444	296511144
6377364	27909533631	322218884
6528452	27909533631	322218884
5935692	26003181735	300209768
6165988	26003181735	300209768
6718016	28951909936	334252876
7153492	28951909936	334252876
6126460	26334325514	304032712
6493852	26334325514	304032712
5690488	25617374454	295755184
5635168	25617374454	295755184
5607424	24699341794	285156368
5723604	24699341794	285156368
6917464	29622647359	341995952
7070908	29622647359	341995952
5852912	25243530170	291439132
6233844	25243530170	291439132
6607776	28960873327	334354664
6617036	28960873327	334354664
6201372	27166468203	313638164
6258464	27166468203	313638164
2254224	9876625920	114026468
2235076	9876625920	114026468
6546940	28933082230	334034932
6748108	28933082230	334034932
6006344	25686270791	296547792
6116284	25686270791	296547792
6053864	26059626204	300859036
6210140	26059626204	300859036
5493120	23450769782	270741036
5623600	23450769782	270741036
5885836	25268248617	291722764
6189672	25268248617	291722764
5197880	22347447829	258001636
5295520	22347447829	258001636
5536464	23765505406	274373220
5674644	23765505406	274373220
6393500	27295062864	315120740
6569912	27295062864	315120740
6122920	26136931566	301750328
6251672	26136931566	301750328
5074804	22132011857	255516232
5246932	22132011857	255516232
5388704	23428055994	270479548
5540172	23428055994	270479548
6149296	26622020114	307349660
6319596	26622020114	307349660
5525288	23713790751	273775268
5671440	23713790751	273775268
5840968	25090013537	289664260
5991748	25090013537	289664260
5208144	22365635209	258210872
5385952	22365635209	258210872
6184760	26634905695	307501116
6402876	26634905695	307501116
5497312	23713714085	273775236
5720372	23713714085	273775236
6385720	28036687888	323684520
6545420	28036687888	323684520
5421000	23943846797	276432580
5540744	23943846797	276432580
6441500	28063827933	324001348
6525756	28063827933	324001348
5615296	24251956380	279992140
5741044	24251956380	279992140
5582444	23778721568	274525312
5745852	23778721568	274525312
6434328	27501227586	317500892
6713680	27501227586	317500892
6851888	29201563924	337130752
7080488	29201563924	337130752
6591500	28187096703	325419836
6795408	28187096703	325419836
5670012	24596999762	283975632
5760296	24596999762	283975632
6449224	27742536346	320291728
6663680	27742536346	320291728
5868604	25198164941	290913640
6008876	25198164941	290913640
5980524	25773184488	297552464
6169076	25773184488	297552464
5161092	22163868271	255881424
5355052	22163868271	255881424
5472296	23628656793	272793276
5631244	23628656793	272793276
6424160	27433575644	316719976
6638924	27433575644	316719976
6547636	28009817173	323373224
6786392	28009817173	323373224
6640080	28841528542	332977124
6714876	28841528542	332977124
5930548	25676123850	296431752
6092000	25676123850	296431752
5541724	23786807822	274619084
5700236	23786807822	274619084
6196276	26649142343	307664920
6333688	26649142343	307664920
6583572	28504795369	329092304
6686328	28504795369	329092304
6812980	29437022838	339854700
7006184	29437022838	339854700
5488616	23865086829	275523080
5718248	23865086829	275523080
5313216	23680771231	273395144
5402092	23680771231	273395144
5503408	23631897488	272829684
5687020	23631897488	272829684
5583740	23817903696	274977220
5720580	23817903696	274977220
6780824	29819992684	344274312
6962228	29819992684	344274312
5573700	24572184585	283687544
5681448	24572184585	283687544
6108032	26606144991	307168632
6272936	26606144991	307168632
6297836	27471030546	317153860
6542100	27471030546	317153860
6536964	28198705634	325556924
6797800	28198705634	325556924
5631368	24311384545	280677340
5850084	24311384545	280677340
6775776	29825971864	344344100
7059420	29825971864	344344100
6365076	28078678837	324171500
6548732	28078678837	324171500
6560168	28624085554	330465692
6747620	28624085554	330465692
6532584	28485602363	328867224
6683972	28485602363	328867224
6273084	27344702607	315695236
6502804	27344702607	315695236
6607304	28719051392	331562008
6806320	28719051392	331562008
5438844	23703957958	273663068
5642972	23703957958	273663068
5398900	23617626334	272666232
5539956	23617626334	272666232
5971900	26121481725	301572592
6143240	26121481725	301572592
6251508	27424202544	316613100
6396108	27424202544	316613100
5817484	25655123782	296190744
5994820	25655123782	296190744
5702324	25442396414	293734684
5792820	25442396414	293734684
5759172	25066801646	289394608
5793748	25066801646	289394608
6159184	26414354206	304957196
6254320	26414354206	304957196
6355480	27703082608	319835040
6754056	27703082608	319835040
6215936	26800716001	309417008
6475328	26800716001	309417008
6389508	27220238929	314257304
6594376	27220238929	314257304
5591376	23950513039	276508884
5789240	23950513039	276508884
5630300	24784474645	286138652
5692080	24784474645	286138652
6182768	27164629522	313618012
6317512	27164629522	313618012
5287528	23117696334	266896496
5464576	23117696334	266896496
6389644	27976263694	322988712
6594452	27976263694	322988712
5582284	24491042613	282751716
5693936	24491042613	282751716
6230724	27299670361	315177952
6398444	27299670361	315177952
5079564	22268750181	257095084
5239636	22268750181	257095084
6764100	29713334567	343044268
6989188	29713334567	343044268
5516248	24009196269	277186828
5697748	24009196269	277186828
5558584	24603402762	284047288
5675844	24603402762	284047288
6694776	29272035822	337946268
6902664	29272035822	337946268
5721828	25306075249	292159636
5838624	25306075249	292159636
5715112	24731753958	285530384
5918656	24731753958	285530384
5781116	25057840800	289294724
6064452	25057840800	289294724
5290276	23198409419	267826608
5419820	23198409419	267826608
5691016	25134747045	290181720
5802456	25134747045	290181720
5538708	23901617575	275947504
5669608	23901617575	275947504
5422040	23356759927	269657108
5560848	23356759927	269657108
5826188	25616425941	295744332
5889428	25616425941	295744332
5583760	23730748011	273974872
5788240	23730748011	273974872
5707416	24514017211	283015392
5856864	24514017211	283015392
5636464	24318100802	280753688
5785364	24318100802	280753688
5607368	24257072311	280048268
5791604	24257072311	280048268
5679052	24572589773	283690936
5796432	24572589773	283690936
6629088	28745730831	331871440
6855844	28745730831	331871440
6415568	27748642642	320361048
6793324	27748642642	320361048
6050524	25744825516	297223236
6199472	25744825516	297223236
6314524	27258481510	314699192
6499512	27258481510	314699192
6419652	27700774549	319809756
6526084	27700774549	319809756
5444872	23609482077	272574984
5516400	23609482077	272574984
5687552	24281070887	280324940
5939500	24281070887	280324940
5792444	24779525793	286079448
6031020	24779525793	286079448
6484128	28628210590	330516456
6749144	28628210590	330516456
6444200	28264434383	326317016
6565312	28264434383	326317016
5988080	25520498617	294633500
6156700	25520498617	294633500
5472128	23346321477	269530684
5567352	23346321477	269530684
5996476	26404812674	304845956
6168964	26404812674	304845956
6298664	27706662951	319875996
6546776	27706662951	319875996
5791376	25319646607	292315884
5972288	25319646607	292315884
5784972	25246351583	291469184
5961308	25246351583	291469184
6711184	29255353659	337753860
6940704	29255353659	337753860
6419808	28018332220	323472568
6613064	28018332220	323472568
5865556	25423061659	293511600
6202108	25423061659	293511600
4883236	20929851185	241636528
5178868	20929851185	241636528
5567660	24613844934	284169840
5830116	24613844934	284169840
5321600	23727652811	273939140
5576784	23727652811	273939140
5787132	24986971737	288475860
6079944	24986971737	288475860
5978004	25802921091	297897824
6286304	25802921091	297897824
5927336	26011782316	300308212
6124268	26011782316	300308212
5708016	25099059928	289770796
5893336	25099059928	289770796
5741600	25442981209	293741432
5947312	25442981209	293741432
6320268	27814245441	321118664
6565528	27814245441	321118664
6287132	27561387652	318199504
6707172	27561387652	318199504
5621180	24603945295	284055504
5927044	24603945295	284055504
5489240	23601673087	272481616
5671720	23601673087	272481616
5301208	22733389141	262457680
5463616	22733389141	262457680
6680488	29165363836	336718164
6876540	29165363836	336718164
5794264	25331458556	292454924
6010972	25331458556	292454924
5496508	23937828262	276364596
5543224	23937828262	276364596
5843220	25369861644	292897544
5904104	25369861644	292897544
5440920	23770360137	274431660
5616044	23770360137	274431660
5361264	23481498008	271096748
5535812	23481498008	271096748
6514128	28610937959	330316904
6683944	28610937959	330316904
6116980	26903351670	310601704
6229716	26903351670	310601704
6161356	26635755441	307513744
6273112	26635755441	307513744
5799780	25245961697	291467740
5933640	25245961697	291467740
6556080	28776427208	332226684
6719700	28776427208	332226684
6772384	29871679212	344871628
6978996	29871679212	344871628
6251420	27557923769	318156468
6367380	27557923769	318156468
6516932	28460123946	328572824
6644752	28460123946	328572824
6403876	28267620168	326353552
6551400	28267620168	326353552
6484252	28395845632	327833936
6679780	28395845632	327833936
5446356	23361634422	269712136
5618756	23361634422	269712136
5574104	24043313540	277582452
5756916	24043313540	277582452
6765972	29065012779	335559468
6927824	29065012779	335559468
6954236	29952484067	345805684
7105032	29952484067	345805684
6843828	29925145028	345486712
7018344	29925145028	345486712
5482392	23972491473	276763068
5605528	23972491473	276763068
5563596	23823138535	275039040
5649836	23823138535	275039040
5611140	24216788790	279584084
5747584	24216788790	279584084
5576336	24122101343	278492040
5787956	24122101343	278492040
5730396	24788456411	286185168
5931280	24788456411	286185168
6780360	29613050243	341886716
7017472	29613050243	341886716
6360052	27782133556	320748556
6595912	27782133556	320748556
5849128	25600651071	295560260
6022236	25600651071	295560260
6570040	28663334812	330918832
6776104	28663334812	330918832
5449032	23782270270	274568544
5467724	23782270270	274568544
5631024	24379583005	281465376
5681364	24379583005	281465376
6376820	28208009606	325663772
6563168	28208009606	325663772
6322776	27956691559	322762500
6487200	27956691559	322762500
6810684	29767098865	343662108
7104464	29767098865	343662108
6483344	28210613537	325692396
6596508	28210613537	325692396
6847056	29761428409	343596636
7024676	29761428409	343596636
5632488	24565777653	283612792
5763260	24565777653	283612792
5734604	25162052992	290496692
5965776	25162052992	290496692
6517572	28573540722	329882412
6731660	28573540722	329882412
6208776	27339011972	315629744
6365000	27339011972	315629744
5895612	25711007681	296834284
6085900	25711007681	296834284
5687892	24356161476	281192308
5794056	24356161476	281192308
5148044	22094529130	255081552
5264796	22094529130	255081552
5919056	26078110401	301073968
6086288	26078110401	301073968
6034048	26604054362	307146044
6176912	26604054362	307146044
5584740	23927247397	276240424
5729948	23927247397	276240424
5238440	22406554555	258683712
5339000	22406554555	258683712
6671276	29300764185	338280696
6761068	29300764185	338280696
6006340	25853945467	298486436
6117264	25853945467	298486436
5430460	23395888792	270107936
5619160	23395888792	270107936
5573404	24530555402	283207520
5727860	24530555402	283207520
6307748	27811309192	321084048
6523608	27811309192	321084048
5653060	24359285433	281228120
5869132	24359285433	281228120
6009420	26001208988	300184652
6171072	26001208988	300184652
5724044	24655956153	284653940
5858936	24655956153	284653940
6064688	26108068897	301419672
6184392	26108068897	301419672
5498820	23643016217	272958992
5644792	23643016217	272958992
5673176	24368760429	281338788
5852480	24368760429	281338788
5925520	25855728939	298505128
6111704	25855728939	298505128
6446100	28167455045	325194172
6680060	28167455045	325194172
6617056	29101794655	335982800
6839044	29101794655	335982800
5429848	23869333676	275573524
5591656	23869333676	275573524
6137752	26505707404	306008328
6312056	26505707404	306008328
5802996	25014032142	288787176
6018700	25014032142	288787176
5501708	23584009089	272279968
5588756	23584009089	272279968
6870876	29660441078	342433364
6952536	29660441078	342433364
5595124	24149745070	278809888
5735604	24149745070	278809888
5541240	23954763747	276558188
5681696	23954763747	276558188
5462304	23559752564	271999308
5783100	23559752564	271999308
5225288	22469847424	259416360
5386628	22469847424	259416360
5708408	24810972825	286445552
5915960	24810972825	286445552
6328920	27591639001	318551456
6727792	27591639001	318551456
5731392	24711318441	285292468
5834704	24711318441	285292468
5332736	22965429757	265136268
5443100	22965429757	265136268
6672736	29120648886	336198360
6817272	29120648886	336198360
5384576	23928668053	276257164
5439284	23928668053	276257164
6018196	26280218461	303405764
6189000	26280218461	303405764
5392048	23661411306	273171784
5513712	23661411306	273171784
5547568	24406642697	281777200
5755072	24406642697	281777200
5506612	24169133779	279035380
5650200	24169133779	279035380
5443736	23404386941	270207000
5611744	23404386941	270207000
5839248	25181175185	290720292
5958452	25181175185	290720292
6159436	26442480408	305282344
6286136	26442480408	305282344
5431880	23447485374	270704732
5553884	23447485374	270704732
5273984	23062534290	266259660
5406828	23062534290	266259660
6750620	29507302279	340665776
6932336	29507302279	340665776
5709868	24821921953	286571208
5949136	24821921953	286571208
5507712	23864593630	275519764
5621916	23864593630	275519764
6769676	29136508605	336385304
6980744	29136508605	336385304
6696740	28958612727	334331688
6839692	28958612727	334331688
5884344	26060067191	300865660
6012668	26060067191	300865660
5822236	25733762016	297098424
5914016	25733762016	297098424
5864160	25537855875	294835124
6056976	25537855875	294835124
5440244	23721065066	273860404
5617204	23721065066	273860404
6587332	28780583627	332275976
6866832	28780583627	332275976
5346980	23271769267	268675784
5552488	23271769267	268675784
5823552	25265883126	291695964
5946128	25265883126	291695964
5475264	23734500562	274016080
5573744	23734500562	274016080
5635044	24372353006	281382296
5766484	24372353006	281382296
5717908	24754198384	285790368
5876108	24754198384	285790368
6809120	29451041670	340016516
7063484	29451041670	340016516
5766620	25268330849	291725932
5890704	25268330849	291725932
5936284	25922905279	299280384
6268268	25922905279	299280384
6231168	27272994311	314867712
6378060	27272994311	314867712
5223392	22606059643	260988380
5377712	22606059643	260988380
5231884	22639923350	261378896
5372584	22639923350	261378896
5285192	22793563031	263153672
5453928	22793563031	263153672
6508236	28121921760	324669916
6657796	28121921760	324669916
6244224	26733395120	308636872
6443656	26733395120	308636872
6439460	27462456880	317052944
6634156	27462456880	317052944
5884480	25759590647	297395160
6083288	25759590647	297395160
6024132	26235563324	302890344
6353608	26235563324	302890344
6380252	27996741160	323225276
6581616	27996741160	323225276
6449272	28361899683	327441004
6707724	28361899683	327441004
5553036	23713677187	273774040
5698972	23713677187	273774040
5660436	24126933800	278544820
5829296	24126933800	278544820
6142316	26383607238	304599040
6330360	26383607238	304599040
5926164	25449251149	293810584
6183524	25449251149	293810584
6324056	27233001070	314408068
6694368	27233001070	314408068
5730932	24841897115	286802356
6172488	24841897115	286802356
5759572	24707946572	285253788
5916736	24707946572	285253788
5789576	24964631654	288217088
5962216	24964631654	288217088
5902412	25199667540	290929668
6115300	25199667540	290929668
5479040	23425741490	270450324
5634904	23425741490	270450324
4925636	21206675877	244833464
5250800	21206675877	244833464
5282240	23027511119	265854872
5499736	23027511119	265854872
5461744	23469303290	270954748
5619824	23469303290	270954748
5698764	24221289119	279636468
5824136	24221289119	279636468
5470952	23954365477	276553936
5574620	23954365477	276553936
6243272	27580961212	318422408
6303528	27580961212	318422408
5741100	24782749178	286119112
5839860	24782749178	286119112
5456240	23580615968	272240220
5556092	23580615968	272240220
5555636	24086939014	278087100
5772644	24086939014	278087100
6048328	26031291905	300534996
6167616	26031291905	300534996
5866288	25323490045	292362476
6259964	25323490045	292362476
5957940	25830814382	298219524
6364688	25830814382	298219524
5568136	23889784316	275810844
5660752	23889784316	275810844
5410468	23431865410	270524044
5441304	23431865410	270524044
6395596	27752897054	320407400
6669472	27752897054	320407400
5659064	24688424932	285028348
5843760	24688424932	285028348
5907120	25537522060	294833280
6095884	25537522060	294833280
6202888	26815406778	309586544
6720092	26815406778	309586544
5687952	24493553823	282778284
5855848	24493553823	282778284
5632368	24299542483	280538492
5763032	24299542483	280538492
5305404	23219467884	268071664
5601880	23219467884	268071664
6253240	27798542505	320937656
6381904	27798542505	320937656
6153676	27021979154	311969560
6314072	27021979154	311969560
5407504	23678906123	273373828
5475784	23678906123	273373828
5596788	24569841688	283661860
5691476	24569841688	283661860
5432960	23886610229	275773772
5576816	23886610229	275773772
5870236	25145765207	290308720
5986096	25145765207	290308720
6213132	26787283481	309259872
6357024	26787283481	309259872
6466608	28186615342	325415612
6715744	28186615342	325415612
6378240	27794051263	320882580
6532644	27794051263	320882580
5631328	24540330942	283319020
5760516	24540330942	283319020
6858632	29874158721	344897312
6972072	29874158721	344897312
5432628	23342240425	269490268
5612524	23342240425	269490268
5697088	24539630458	283312472
5913004	24539630458	283312472
5176048	22365887364	258214932
5345612	22365887364	258214932
5487368	23679590924	273381432
5707188	23679590924	273381432
5547436	23613318726	272615664
5788424	23613318726	272615664
5643088	24161386525	278942968
5841652	24161386525	278942968
6882104	29680349098	342664208
6990212	29680349098	342664208
5573348	23955350198	276567836
5676944	23955350198	276567836
5491388	23793076980	274694428
5568592	23793076980	274694428
6904660	29760763894	343592524
7059456	29760763894	343592524
5940440	25735262010	297113588
6122584	25735262010	297113588
6086352	25988153399	300034048
6326156	25988153399	300034048
5514584	23673257323	273308396
5680016	23673257323	273308396
5979908	25759221442	297392420
6182556	25759221442	297392420
5820112	25410031555	293360584
6013392	25410031555	293360584
5595284	24379351400	281460348
5830420	24379351400	281460348
6493316	27944305868	322618032
6591736	27944305868	322618032
6042500	26122664519	301586856
6252752	26122664519	301586856
6393364	27275558432	314896844
6542868	27275558432	314896844
5488420	23619440199	272688048
5602520	23619440199	272688048
6130888	26462731695	305513460
6342140	26462731695	305513460
5744648	24774509594	286022744
5876800	24774509594	286022744
5150500	22111361252	255276500
5282236	22111361252	255276500
5986456	25812709110	298008768
6136688	25812709110	298008768
5957216	25622340371	295809908
6121816	25622340371	295809908
5475440	23719616303	273844588
5807532	23719616303	273844588
5326548	23255243012	268483528
5582920	23255243012	268483528
5501172	23803981366	274818620
5929972	23803981366	274818620
5662072	24635151312	284414752
6130656	24635151312	284414752
5424820	23439535770	270611656
5563716	23439535770	270611656
5984448	26306512134	303712832
6108200	26306512134	303712832
5480472	23646296679	272997780
5794780	23646296679	272997780
5461212	23709898012	273732708
5793852	23709898012	273732708
5928204	25587520727	295409084
5964044	25587520727	295409084
5097504	22170886857	255964992
5263492	22170886857	255964992
6197676	27210851122	314152264
6346136	27210851122	314152264
6591700	28405960260	327949756
6817064	28405960260	327949756
6038816	25969851694	299824512
6218828	25969851694	299824512
5341640	23019381314	265761028
5577916	23019381314	265761028
5246464	22677748600	261817248
5413336	22677748600	261817248
6117100	26967478797	311340784
6500400	26967478797	311340784
6003356	26415201063	304965244
6368656	26415201063	304965244
5353404	23522945908	271574504
5650516	23522945908	271574504
5486488	24034204812	277476712
5853904	24034204812	277476712
6176240	26361455559	304345348
6290652	26361455559	304345348
5498688	23580979899	272244732
5640552	23580979899	272244732
5662880	24297664356	280518536
5766060	24297664356	280518536
5990236	25495076654	294342748
6102372	25495076654	294342748
6230892	27637479874	319079080
6510608	27637479874	319079080
5274024	23512680821	271457196
5530324	23512680821	271457196
5592472	24012943537	277229936
5756796	24012943537	277229936
5728516	24682108566	284956328
5956160	24682108566	284956328
5426336	23504933441	271364436
5556328	23504933441	271364436
5762784	25141205922	290254300
5989864	25141205922	290254300
5350340	22909459991	264490420
5519724	22909459991	264490420
5477736	23565449909	272063672
5635328	23565449909	272063672
5410176	22931596140	264743628
5776796	22931596140	264743628
3110228	13429594336	155046132
3151448	13429594336	155046132
6357316	27496166923	317446336
6861008	27496166923	317446336
4958076	21295516383	245858292
5250884	21295516383	245858292
5402872	23609975963	272578504
5532288	23609975963	272578504
6402092	27678495042	319549836
6606624	27678495042	319549836
5345600	23381359092	269940844
5497860	23381359092	269940844
5240560	23063208013	266267648
5432012	23063208013	266267648
6189504	26911743058	310698720
6466492	26911743058	310698720
6639732	28850293682	333080324
6842792	28850293682	333080324
6726772	29268507311	337905532
7000620	29268507311	337905532
6459740	28244033840	326078184
6638644	28244033840	326078184
6505308	27975941908	322984476
6705108	27975941908	322984476
6033164	26126576438	301633548
6127600	26126576438	301633548
6402088	27901584976	322124564
6486896	27901584976	322124564
5618204	23943467352	276429240
5755036	23943467352	276429240
5276528	22751106213	262663348
5405720	22751106213	262663348
5500140	23814457206	274939812
5621012	23814457206	274939812
5917852	25727954822	297031612
6069744	25727954822	297031612
6039376	25881594981	298805104
6252016	25881594981	298805104
6046208	26095808137	301278608
6199788	26095808137	301278608
5375628	23157245638	267352572
5536740	23157245638	267352572
6224624	28914514097	333821592
6450960	28914514097	333821592
5133512	22083114941	254951804
5255548	22083114941	254951804
5159056	22148741332	255707336
5376324	22148741332	255707336
5496276	23507922377	271399320
5686244	23507922377	271399320
5874072	25265247475	291689840
5980808	25265247475	291689840
5766072	24922816171	287735552
5876456	24922816171	287735552
5568024	22963423226	265110900
5904652	22963423226	265110900
6713076	28227020718	325875608
7007416	28227020718	325875608
5862484	25749195020	297275052
6271480	25749195020	297275052
6360668	27992691293	323177468
6806844	27992691293	323177468
6411200	27375691730	316055252
6531876	27375691730	316055252
5919996	25663408081	296286816
6069148	25663408081	296286816
6014216	25928828357	299351084
6218676	25928828357	299351084
6199028	26862870711	310134480
6469288	26862870711	310134480
5884096	24511750178	282986208
6150396	24511750178	282986208
5059056	21464088935	247803520
5185536	21464088935	247803520
5476284	22572571740	260596848
5696376	22572571740	260596848
5800748	23977449226	276815940
5992328	23977449226	276815940
5961164	25689657083	296587932
6132320	25689657083	296587932
5144516	21402536978	247088340
5342656	21402536978	247088340
5166628	21488845324	248085324
5352208	21488845324	248085324
5539544	23066278272	266296008
5887192	23066278272	266296008
4102736	17312954232	199877300
4242088	17312954232	199877300
5795732	23958874703	276600764
5991440	23958874703	276600764
5522336	22821285493	263468284
5755388	22821285493	263468284
5850952	25000825367	288635292
6063080	25000825367	288635292
5723684	24453015311	282310308
5832808	24453015311	282310308
5736912	24823719850	286592660
5878992	24823719850	286592660
5428444	23458944738	270836092
5569924	23458944738	270836092
6209688	26837909438	309846612
6389976	26837909438	309846612
6079328	26302291095	303662572
6241796	26302291095	303662572
6431372	27731900563	320168040
6645188	27731900563	320168040
5586748	24075357845	277952708
5835092	24075357845	277952708
5293012	22903027997	264418056
5512516	22903027997	264418056
5724632	24782483500	286116344
5882260	24782483500	286116344
5907600	25359720934	292780532
6041164	25359720934	292780532
5457056	23588525748	272332060
5566972	23588525748	272332060
5541908	23969753485	276731760
5641708	23969753485	276731760
5882788	25326473182	292395124
6028128	25326473182	292395124
5587368	23990808623	276975268
5738208	23990808623	276975268
6196844	26724069292	308531956
6378508	26724069292	308531956
5477960	23492184604	271219632
5643644	23492184604	271219632
5648152	24269199407	280190356
5841400	24269199407	280190356
6034964	26128106977	301651660
6182888	26128106977	301651660
5972488	25543755379	294895876
6539268	25543755379	294895876
5524320	23693070695	273529416
6001944	23693070695	273529416
6108292	26252000762	303080232
6245788	26252000762	303080232
5268928	22661811098	261630964
5346988	22661811098	261630964
6145612	26559761359	306635160
6261332	26559761359	306635160
5851304	25275807203	291811792
6080516	25275807203	291811792
6467888	28646287216	330719776
6570808	28646287216	330719776
5764116	24917315828	287670804
5946924	24917315828	287670804
5654728	24382403235	281495344
5788116	24382403235	281495344
5432888	23625964279	272762992
5482864	23625964279	272762992
5929352	25464135366	293984724
6124332	25464135366	293984724
6640156	28675338038	331059760
6766744	28675338038	331059760
6410388	27744240582	320310444
6514536	27744240582	320310444
6256324	27168571971	313664072
6402376	27168571971	313664072
5974008	25829027707	298199124
6105584	25829027707	298199124
6580928	28491902351	328941936
6894452	28491902351	328941936
5539700	23878186944	275676172
5748660	23878186944	275676172
5218140	22504153837	259810600
5260640	22504153837	259810600
5536968	23901455111	275942868
5606452	23901455111	275942868
6423948	27694242595	319731244
6658612	27694242595	319731244
5372380	23073967093	266389112
5418592	23073967093	266389112
5754088	24788708104	286188332
5926252	24788708104	286188332
6120100	26323203527	303904160
6300948	26323203527	303904160
5599272	23035575484	265940992
5991172	23035575484	265940992
7009860	29187550133	336967260
7465092	29187550133	336967260
5416248	22949032190	264940916
5643640	22949032190	264940916
5377676	22583167285	260718676
5647424	22583167285	260718676
6376556	27418205250	316546192
6514784	27418205250	316546192
6315608	27221148364	314271112
6447468	27221148364	314271112
5148976	22303182261	257491800
5235956	22303182261	257491800
5315440	22983819612	265349680
5484072	22983819612	265349680
5914012	25449086230	293812496
6076252	25449086230	293812496
5704248	24525469417	283149116
5904432	24525469417	283149116
5564408	24039234557	277535632
5761920	24039234557	277535632
5844960	25207082373	291018416
5964472	25207082373	291018416
6382692	27590778878	318538424
6475340	27590778878	318538424
6611832	28600598225	330197124
6789672	28600598225	330197124
5444400	22443257930	259100944
5802196	22443257930	259100944
5388800	22362995048	258173516
5858244	22362995048	258173516
6468836	27889814590	321991008
6618644	27889814590	321991008
5596816	24151613437	278832944
5777072	24151613437	278832944
6818292	29459010016	340107500
6913064	29459010016	340107500
6746720	29191825321	337022856
6832072	29191825321	337022856
6796952	29325270303	338563040
6941116	29325270303	338563040
6019348	26113929591	301488364
6158340	26113929591	301488364
6150752	26361470661	304344652
6388200	26361470661	304344652
5596324	24089900001	278119144
5690888	24089900001	278119144
6745400	29081972573	335754508
6984812	29081972573	335754508
6354900	27537077535	317918448
6604792	27537077535	317918448
6262188	27155490439	313512416
6458744	27155490439	313512416
6727820	28903583550	333693364
6964968	28903583550	333693364
5370140	23036426286	265957452
5593940	23036426286	265957452
6343176	27706218849	319871392
6686484	27706218849	319871392
5655380	24478323753	282603428
5829652	24478323753	282603428
5563628	23993185897	277001800
5708972	23993185897	277001800
5241996	22529856212	260109228
5413452	22529856212	260109228
5637764	24485251272	282684428
5868264	24485251272	282684428
6555112	28209512710	325680920
6837800	28209512710	325680920
5397844	23324085517	269277700
5541520	23324085517	269277700
5947324	24736604309	285578040
6459652	24736604309	285578040
5491384	23110774812	266807672
5759644	23110774812	266807672
6136148	26616970932	307295468
6418792	26616970932	307295468
5917404	25602335761	295580724
6197724	25602335761	295580724
5641872	23984118324	276891632
5783520	23984118324	276891632
6402256	27511932658	317620824
6656228	27511932658	317620824
6032468	26149078068	301893484
6376504	26149078068	301893484
5880988	25643109004	296051500
6144260	25643109004	296051500
5403976	22482467307	259553144
5633452	22482467307	259553144
5327380	22133110544	255518848
5710792	22133110544	255518848
6601272	28964052663	334389296
6687924	28964052663	334389296
5703060	24421234723	281943356
5785060	24421234723	281943356
6225388	27008838378	311819512
6548244	27008838378	311819512
6207668	27354562523	315810484
6369812	27354562523	315810484
5381772	23108220993	266786160
5574332	23108220993	266786160
4464620	19470581982	224789092
4599560	19470581982	224789092
5477556	23560175167	272001196
5725068	23560175167	272001196
5422392	23399587899	270149792
5622844	23399587899	270149792
6066940	26714223263	308416732
6258284	26714223263	308416732
6073048	26379879954	304555892
6156980	26379879954	304555892
5731556	24610614617	284130028
5929604	24610614617	284130028
5482220	23666911603	273236076
5713932	23666911603	273236076
5552040	24052723110	277690664
5747496	24052723110	277690664
5465168	23577121362	272199412
5641188	23577121362	272199412
5597148	24335815622	280957700
5747260	24335815622	280957700
5177224	22273023309	257143544
5360424	22273023309	257143544
5075316	22026696468	254298156
5249288	22026696468	254298156
5602812	23989890114	276963908
5711124	23989890114	276963908
2541216	10833024705	125067652
2610828	10833024705	125067652
5472752	23458768680	270833280
5687420	23458768680	270833280
5602568	24275431774	280261984
5780428	24275431774	280261984
5456128	23617405720	272665588
5612472	23617405720	272665588
5355140	23290701607	268892948
5537268	23290701607	268892948
5943292	25611561960	295687660
6145196	25611561960	295687660
5107168	23574355847	272168360
5200184	23574355847	272168360
6337700	27862282157	321672132
6769780	27862282157	321672132
5876976	26282076718	303428064
6184900	26282076718	303428064
6332596	26179010737	302232840
6724404	26179010737	302232840
5846080	24170718633	279047976
6080280	24170718633	279047976
5763360	24839712070	286777152
5949380	24839712070	286777152
5969748	25696179376	296665052
6197152	25696179376	296665052
6765388	29165940138	336723552
6952836	29165940138	336723552
5339144	22796463100	263187092
5527176	22796463100	263187092
5167032	22077690928	254888884
5264308	22077690928	254888884
5280760	22658024536	261588452
5426596	22658024536	261588452
5929784	25629033834	295888624
6075272	25629033834	295888624
6052512	26126422780	301631584
6280684	26126422780	301631584
5175120	22197375126	256270536
5458084	22197375126	256270536
5643304	24262550494	280114372
5752772	24262550494	280114372
6145092	26282181034	303429808
6312348	26282181034	303429808
6827556	29207144501	337198664
7086152	29207144501	337198664
6657664	28254574090	326200572
6988116	28254574090	326200572
6272448	26426715971	305097988
6532916	26426715971	305097988
5787132	24357774819	281212240
6075152	24357774819	281212240
5358816	22601787732	260939204
5612700	22601787732	260939204
6033756	25828007943	298186008
6476848	25828007943	298186008
5851468	25112850631	289929968
6035176	25112850631	289929968
5839352	24810577884	286439932
6045676	24810577884	286439932
6418656	27085038127	312698600
6595776	27085038127	312698600
6122100	26171271802	302148156
6269252	26171271802	302148156
6038840	25894039550	298947160
6263804	25894039550	298947160
5510320	23627416544	272781792
5733692	23627416544	272781792
5566444	23894659447	275867304
5864788	23894659447	275867304
5471860	23870989528	275594192
5692380	23870989528	275594192
5629820	24109095807	278342672
5893032	24109095807	278342672
6302196	26383061127	304584276
6508612	26383061127	304584276
5888916	24285872139	280373012
6241312	24285872139	280373012
6111024	26317021465	303830932
6241036	26317021465	303830932
5573808	24036322058	277500228
5655864	24036322058	277500228
6351004	27277076146	314914740
6523272	27277076146	314914740
6122816	26364671748	304380796
6253404	26364671748	304380796
6165532	27206852486	314105664
6364676	27206852486	314105664
6713564	29651464043	342329200
6901188	29651464043	342329200
5791660	24940324282	287936652
6003756	24940324282	287936652
5894572	25295038326	292032052
6192992	25295038326	292032052
6761296	29052961032	335416560
6884904	29052961032	335416560
5931224	25420949589	293486900
6174368	25420949589	293486900
5460988	23435440574	270563884
5606176	23435440574	270563884
5805804	25602277780	295580616
6050052	25602277780	295580616
5441012	23927953487	276250696
5600604	23927953487	276250696
6712408	28887231537	333505908
6863484	28887231537	333505908
6012652	26002897215	300205672
6198688	26002897215	300205672
5564544	24033508269	277469064
5686988	24033508269	277469064
5628420	24276907986	280279888
5814880	24276907986	280279888
5576848	24325749248	280842736
5778756	24325749248	280842736
5480624	23551706810	271905896
5692632	23551706810	271905896
6254976	27622157805	318900648
6411820	27622157805	318900648
5665424	25090672992	289674576
5787472	25090672992	289674576
6282508	27712036604	319938412
6596928	27712036604	319938412
6289344	27893293408	322031060
6570060	27893293408	322031060
5403032	23844830439	275290820
5500984	23844830439	275290820
6446108	28391247300	327778816
6717024	28391247300	327778816
5708236	24466098179	282462240
5890784	24466098179	282462240
5534684	23944291760	276437868
5681256	23944291760	276437868
5381664	23694144559	273551176
5565180	23694144559	273551176
5674684	25037410348	289058628
5880440	25037410348	289058628
6002480	25880820586	298794628
6205940	25880820586	298794628
6004264	25905665290	299081544
6216700	25905665290	299081544
5178968	22274788265	257163244
5358884	22274788265	257163244
5138628	21999427243	253984156
5236652	21999427243	253984156
5831636	25086747694	289627284
6239788	25086747694	289627284
6114260	26990787140	311611216
6324828	26990787140	311611216
4984492	22008689918	254092516
5080452	22008689918	254092516
5662800	25136986286	290208104
5831316	25136986286	290208104
6129348	27014936402	311888800
6380624	27014936402	311888800
6525800	28093110296	324337080
6833544	28093110296	324337080
5127220	22095755516	255095676
5170400	22095755516	255095676
5781716	25467933212	294029956
5996848	25467933212	294029956
6389508	28207404450	325657652
6580348	28207404450	325657652
6003480	26603772918	307145940
6175124	26603772918	307145940
6000064	26521191670	306190556
6093928	26521191670	306190556
5759724	25366480540	292859996
5965020	25366480540	292859996
6052500	26586813868	306947088
6252036	26586813868	306947088
5620884	24601273606	284024312
5839400	24601273606	284024312
5824304	25733891598	297100444
6120184	25733891598	297100444
5964860	26331043393	303994396
6290596	26331043393	303994396
6399680	28362976418	327454012
6579756	28362976418	327454012
5375272	22397327818	258572804
5688028	22397327818	258572804
5274284	22044096041	254495296
5567400	22044096041	254495296
6048820	25015892423	288803784
6287600	25015892423	288803784
6047132	25132820324	290154264
6286888	25132820324	290154264
5516872	24142315034	278724916
5693448	24142315034	278724916
6392632	28140612910	324885168
6563860	28140612910	324885168
6401072	28206782847	325650076
6707384	28206782847	325650076
5782048	25505409020	294462456
6002076	25505409020	294462456
5991740	25609845639	295667928
6353548	25609845639	295667928
5588956	24712763767	285312344
5900788	24712763767	285312344
6082672	26198154430	302458880
6260248	26198154430	302458880
5871872	25180031412	290702620
5952832	25180031412	290702620
6364588	28339143713	327178616
6608264	28339143713	327178616
5875988	25877818857	298760644
6097108	25877818857	298760644
6481744	28534046913	329428904
6787032	28534046913	329428904
5220096	22916561476	264574068
5436852	22916561476	264574068
5356928	23013050444	265688216
5637680	23013050444	265688216
6351588	27388087535	316198400
6745956	27388087535	316198400
5405380	23338439331	269443224
5467248	23338439331	269443224
6139740	26532288106	306316152
6210568	26532288106	306316152
5547692	24272353077	280226412
5739456	24272353077	280226412
5515708	24323992253	280822924
5678932	24323992253	280822924
6421332	27612136088	318783404
6646084	27612136088	318783404
6395780	27498167734	317467364
6624184	27498167734	317467364
6263476	26965721726	311320000
6370008	26965721726	311320000
5888760	25318449295	292302020
6076632	25318449295	292302020
5719112	23989810007	276959928
5784796	23989810007	276959928
6310380	26551321958	306530260
6369188	26551321958	306530260
5766584	24788096839	286178864
5995768	24788096839	286178864
5550644	23939530682	276382328
5772420	23939530682	276382328
5131020	22013350486	254143736
5298836	22013350486	254143736
5773200	24832497403	286691356
6000800	24832497403	286691356
5367432	22258229054	256964400
5635420	22258229054	256964400
5323508	22107330912	255221776
5688288	22107330912	255221776
6012780	25669899930	296361572
6190188	25669899930	296361572
5701312	24445740732	282227748
5932376	24445740732	282227748
5418372	23116225663	266876932
5563840	23116225663	266876932
6140148	26421269764	305034344
6392128	26421269764	305034344
6195384	26484321777	305762340
6481696	26484321777	305762340
5718196	23501776221	271324132
5994384	23501776221	271324132
6632836	27530934415	317840484
6919132	27530934415	317840484
5109676	22097954661	255121416
5268496	22097954661	255121416
6633444	28976243256	334532836
6703644	28976243256	334532836
5316276	22801327126	263243972
5425528	22801327126	263243972
5366456	23082591266	266490416
5563204	23082591266	266490416
5404452	23110540058	266813896
5508100	23110540058	266813896
5413100	23311726722	269135364
5566972	23311726722	269135364
5267408	22510947818	259891548
5675200	22510947818	259891548
5937480	25520292466	294635068
6173792	25520292466	294635068
6631200	28370653817	327542696
6968740	28370653817	327542696
5596840	23993496282	277008308
5726148	23993496282	277008308
6006232	25871777557	298692276
6161888	25871777557	298692276
6033196	25984195030	299990208
6158872	25984195030	299990208
5794452	23948024066	276476120
6126616	23948024066	276476120
6449636	26826848142	309711432
6805996	26826848142	309711432
4443140	18685564817	215723436
4581928	18685564817	215723436
3781128	15955017660	184200640
3879496	15955017660	184200640
5976228	25629516356	295898712
6127524	25629516356	295898712
6061088	26035278077	300581268
6193592	26035278077	300581268
5963504	25663328773	296286992
6228224	25663328773	296286992
6522964	28054594449	323893820
6615396	28054594449	323893820
5172184	22067957389	254777440
5297680	22067957389	254777440
6384544	27812521922	321099464
6494132	27812521922	321099464
6197952	26610425571	307220520
6354732	26610425571	307220520
5927656	25567630534	295181044
5995804	25567630534	295181044
5952976	25507210472	294484064
6083252	25507210472	294484064
6517456	28318937575	326947020
6645520	28318937575	326947020
6024868	25757326846	297369212
6200264	25757326846	297369212
5859064	25169809806	290585552
5922328	25169809806	290585552
6481452	27864834596	321702700
6686684	27864834596	321702700
6416900	27796654739	320916568
6517872	27796654739	320916568
6084280	26287720939	303495876
6257708	26287720939	303495876
5434692	23430568270	270507872
5552892	23430568270	270507872
6224080	26804191198	309457792
6544840	26804191198	309457792
5224668	22811059570	263356828
5241544	22811059570	263356828
5764908	24723071725	285430988
5893264	24723071725	285430988
5639528	24198501262	279374904
5945508	24198501262	279374904
5856168	25203477356	290977344
6066876	25203477356	290977344
5200532	22320796446	257696320
5375576	22320796446	257696320
5218828	22458200420	259281940
5688860	22458200420	259281940
5565716	24116207383	278423676
5753944	24116207383	278423676
5311540	22170901229	255957596
5559424	22170901229	255957596
6139136	25808734402	297954820
6425052	25808734402	297954820
5818828	24920298325	287707744
6014260	24920298325	287707744
5354072	23240012100	268307232
5525664	23240012100	268307232
5814892	24774780964	286025300
6038836	24774780964	286025300
5198676	22286055692	257292624
5339816	22286055692	257292624
5837552	25148118183	290337944
6050144	25148118183	290337944
5715052	24654980217	284644752
6002360	24654980217	284644752
5607768	24292518207	280460048
5809012	24292518207	280460048
5467824	23559421300	271996536
5573092	23559421300	271996536
5333056	23023686816	265811328
5442664	23023686816	265811328
5524496	23832291621	275146868
6011664	23832291621	275146868
5844284	25227262269	291251756
5999272	25227262269	291251756
5898920	25331072647	292450276
6026640	25331072647	292450276
5812372	24841931402	286802076
5992208	24841931402	286802076
6299972	27163866711	313609208
6424108	27163866711	313609208
5292488	22708814668	262174276
5459664	22708814668	262174276
6599592	28478867342	328790240
6720904	28478867342	328790240
5290532	22512763355	259912528
5408508	22512763355	259912528
6479716	28032659267	323640292
6743532	28032659267	323640292
6328824	27431766464	316702936
6521268	27431766464	316702936
5490312	23687082307	273470356
5729840	23687082307	273470356
6017892	24835789333	286725032
6251884	24835789333	286725032
5923492	24557998913	283517960
6030376	24557998913	283517960
5893236	25475442903	294117212
6079308	25475442903	294117212
5325748	22971760638	265212012
5632444	22971760638	265212012
5333124	23046934083	266079640
5486104	23046934083	266079640
5961452	25659998394	296247800
6207044	25659998394	296247800
6187844	26751037811	308843940
6412384	26751037811	308843940
6441504	27999252690	323254816
6735120	27999252690	323254816
6710892	29060987251	335512568
6913168	29060987251	335512568
6491796	28748558883	331905916
6572756	28748558883	331905916
5343024	22956424447	265032732
5469548	22956424447	265032732
6834220	29636995818	342160488
7022452	29636995818	342160488
5361576	22938301750	264825196
5479560	22938301750	264825196
5265564	22557072714	260422780
5398316	22557072714	260422780
5428228	23254000713	268469812
5593640	23254000713	268469812
5678136	24423590600	281972748
5856892	24423590600	281972748
6331932	27394848894	316276952
6508300	27394848894	316276952
6402040	27591066014	318542048
6613740	27591066014	318542048
5444828	23688028969	273481340
5472968	23688028969	273481340
5512036	23816386606	274963084
5698368	23816386606	274963084
5822320	24982020107	288411048
6413172	24982020107	288411048
5838392	24880972437	287245840
6369028	24880972437	287245840
5933424	25467246672	294020000
6122300	25467246672	294020000
5522892	23822106316	275026976
5612268	23822106316	275026976
5632904	24115025346	278408588
5837864	24115025346	278408588
5573584	24010193986	277197868
5678660	24010193986	277197868
5779872	25064051475	289366968
5956084	25064051475	289366968
6844388	29700172250	342891384
6994028	29700172250	342891384
5250560	22656549230	261572616
5409368	22656549230	261572616
5084636	21966505657	253605968
5240156	21966505657	253605968
5452896	23659074329	273146884
5601024	23659074329	273146884
5922016	25946189188	299551872
5995568	25946189188	299551872
5698244	24663196534	284739432
5943064	24663196534	284739432
6133608	26694999929	308196972
6282216	26694999929	308196972
5449216	23574898557	272175072
5681440	23574898557	272175072
6414956	27779742934	320720588
6632488	27779742934	320720588
5895176	25248330218	291491780
6035824	25248330218	291491780
5640072	24267005112	280161476
5861504	24267005112	280161476
5224180	22309025691	257557988
5420108	22309025691	257557988
5688168	24493980311	282783684
5894416	24493980311	282783684
6360168	27611247757	318775144
6474376	27611247757	318775144
5929980	25894429329	298954340
6059344	25894429329	298954340
5393708	22180422925	256069564
5595964	22180422925	256069564
6071364	24989350944	288498256
6256220	24989350944	288498256
5549748	23986880105	276931296
5757528	23986880105	276931296
5525796	23919014029	276147844
5621696	23919014029	276147844
5624532	24356395758	281197540
5791512	24356395758	281197540
6490884	28171331487	325241388
6709612	28171331487	325241388
5734912	24933480088	287859808
5956252	24933480088	287859808
5764172	24852503237	286925020
5984164	24852503237	286925020
4683084	20105450401	232119780
4857896	20105450401	232119780
5772508	25034461321	289025568
5937616	25034461321	289025568
4922820	20556834300	237331056
5203840	20556834300	237331056
5067088	21978555781	253744896
5302800	21978555781	253744896
5482732	23791134167	274670460
5675932	23791134167	274670460
5843556	25503823844	294443716
6073792	25503823844	294443716
5945544	25841413875	298341548
6178432	25841413875	298341548
5051396	21783409945	251491968
5305856	21783409945	251491968
5579512	24221609116	279641268
5697244	24221609116	279641268
6056392	26348825653	304200020
6239660	26348825653	304200020
5698684	24578150827	283757540
5835416	24578150827	283757540
5839996	25146297634	290316752
6055372	25146297634	290316752
4869704	21069624899	243251244
4966088	21069624899	243251244
4889628	21027873331	242769260
5075148	21027873331	242769260
4927152	21272173077	245589824
5088980	21272173077	245589824
4901740	21075279000	243316476
5127660	21075279000	243316476
5280484	23068353908	266326984
5326248	23068353908	266326984
6685036	27595352742	318583604
6941956	27595352742	318583604
6703736	27738790495	320239948
6965804	27738790495	320239948
5187236	22097746121	255120920
5303636	22097746121	255120920
4702552	20694463285	238920212
4717436	20694463285	238920212
5114728	22036377687	254412496
5324648	22036377687	254412496
5366784	23137342409	267123296
5479004	23137342409	267123296
4942680	21235841402	245170316
5107812	21235841402	245170316
5170892	22389667047	258491304
5335448	22389667047	258491304
5572312	24257702424	280057976
5693904	24257702424	280057976
4837756	20818309908	240349780
4962180	20818309908	240349780
5958356	24569380016	283649816
6177164	24569380016	283649816
5966524	24478911664	282605488
6144496	24478911664	282605488
5558428	23906123583	275998832
6043288	23906123583	275998832
5980624	26015911561	300356768
6178380	26015911561	300356768
6548836	28326479996	327032576
6916532	28326479996	327032576
6132656	26556978135	306603416
6285424	26556978135	306603416
5653616	24461686806	282411448
5726244	24461686806	282411448
5840284	25196142777	290890388
5949776	25196142777	290890388
5726376	24663607159	284742560
5876400	24663607159	284742560
6206176	26782640189	309208852
6415572	26782640189	309208852
6835672	29423859156	339701972
6933324	29423859156	339701972
6469000	27978576980	323016000
6612760	27978576980	323016000
6464768	27987899183	323123624
6740580	27987899183	323123624
5386732	22291571732	257352052
5747404	22291571732	257352052
5379832	22272987165	257138888
5639448	22272987165	257138888
6415756	28129223138	324755528
6559668	28129223138	324755528
6604852	28562740048	329760112
6759416	28562740048	329760112
6332968	27618889266	318863480
6599688	27618889266	318863480
6640344	28981139722	334590644
6753888	28981139722	334590644
6362876	27842905337	321449580
6597600	27842905337	321449580
5889812	25630995052	295912904
6122148	25630995052	295912904
5985816	26204691858	302535932
6166512	26204691858	302535932
4534356	19721473032	227681372
4693672	19721473032	227681372
5635948	24548766601	283418728
5864292	24548766601	283418728
5535424	24210666572	279515092
5667708	24210666572	279515092
5252236	22241833836	256778336
5552256	22241833836	256778336
5306576	22459529843	259291632
5539160	22459529843	259291632
6759624	29491969904	340488600
6896764	29491969904	340488600
5419252	23499266468	271301888
5804608	23499266468	271301888
6493768	27908399950	322202648
6569204	27908399950	322202648
6330092	27261988053	314739980
6454744	27261988053	314739980
4905528	21328009071	246234996
5113908	21328009071	246234996
6260468	27473859511	317188640
6343328	27473859511	317188640
5743192	25079959355	289550744
5939792	25079959355	289550744
5594020	24404710587	281754744
5773048	24404710587	281754744
4137060	17927734628	206977952
4302392	17927734628	206977952
5222448	22826003543	263528264
5383744	22826003543	263528264
5757544	24623259815	284277744
6024068	24623259815	284277744
5627676	24265967180	280152948
5806560	24265967180	280152948
4739536	20762965012	239711148
4958996	20762965012	239711148
5106288	22134474043	255545164
5289076	22134474043	255545164
6085044	26498205820	305924756
6274604	26498205820	305924756
5244388	22720085673	262305380
5470160	22720085673	262305380
5063372	21996170671	253948324
5244140	21996170671	253948324
5303036	23121436764	266938764
5349448	23121436764	266938764
6670644	28726958835	331653360
6733212	28726958835	331653360
5221080	22403076750	258643964
5490756	22403076750	258643964
4948268	21826954689	251993536
5042184	21826954689	251993536
5574492	24335351213	280954372
5973172	24335351213	280954372
5340060	23198978008	267834896
5530392	23198978008	267834896
5025856	21892005191	252746016
5142628	21892005191	252746016
5292992	23024914362	265824536
5371280	23024914362	265824536
6197240	26982461255	311515568
6332224	26982461255	311515568
4698732	20446828223	236060244
4818132	20446828223	236060244
5365200	23310234726	269118664
5449096	23310234726	269118664
6132128	27185740607	313862476
6195768	27185740607	313862476
5193404	22568921510	260560912
5409232	22568921510	260560912
5853308	25495736945	294350756
5945400	25495736945	294350756
5082016	22072793813	254832544
5201540	22072793813	254832544
5533692	23823682556	275047100
5784864	23823682556	275047100
5233036	22705847419	262141208
5449400	22705847419	262141208
5696448	24702850339	285196560
5735928	24702850339	285196560
5499428	23840227923	275237528
5705552	23840227923	275237528
5495192	23210408423	267963672
5769448	23210408423	267963672
5692544	24340801719	281013868
5921100	24340801719	281013868
5998120	25689056941	296579700
6241492	25689056941	296579700
5793896	24682469070	284958236
6052856	24682469070	284958236
5746388	24625769106	284304420
5870556	24625769106	284304420
5747940	24744467359	285675044
5811952	24744467359	285675044
5897668	25044269976	289135340
6222976	25044269976	289135340
5940484	25623714270	295824948
6132472	25623714270	295824948
5384112	22990053000	265419544
5579708	22990053000	265419544
6683492	28706959073	331420980
7024216	28706959073	331420980
5532072	23698840376	273602048
5812200	23698840376	273602048
5528136	23845839762	275299140
6031004	23845839762	275299140
5450824	23269353729	268643888
5780724	23269353729	268643888
5867896	24921751855	287721400
6274744	24921751855	287721400
5380132	22882713058	264179492
5712456	22882713058	264179492
5220996	22042129392	254476036
5434368	22042129392	254476036
5319636	22484284283	259580092
5867120	22484284283	259580092
6668144	28320781926	326962928
7023136	28320781926	326962928
5421684	22941845481	264862948
5702564	22941845481	264862948
5519736	23403195521	270189464
5817204	23403195521	270189464
5959292	25445501958	293767400
6256532	25445501958	293767400
5496692	23396083653	270107232
5871380	23396083653	270107232
5675128	23967454696	276703796
6094980	23967454696	276703796
5461816	23024069385	265812732
5872492	23024069385	265812732
5776324	24988471101	288494100
5937860	24988471101	288494100
5306812	22972491658	265219484
5479524	22972491658	265219484
6207252	25617607362	295750492
6549700	25617607362	295750492
5358768	22229752195	256639764
5591604	22229752195	256639764
4301552	18625181914	215028308
4335632	18625181914	215028308
5095304	21608617957	249469948
5455768	21608617957	249469948
5218760	22265260001	257054204
5429380	22265260001	257054204
5511692	23552704425	271917744
5774404	23552704425	271917744
5571560	23449268717	270720928
5994300	23449268717	270720928
5515856	23374368239	269856336
5908700	23374368239	269856336
5505664	23289883534	268881372
5946596	23289883534	268881372
5508292	23325226862	269290168
5925080	23325226862	269290168
6072808	26032669147	300548604
6246248	26032669147	300548604
5637036	24191612746	279293272
5740740	24191612746	279293272
5427612	23423856680	270430400
5589228	23423856680	270430400
5832972	25402564633	293274916
6021096	25402564633	293274916
5581752	23642818632	272955932
5936552	23642818632	272955932
5650856	23888475356	275791996
6048424	23888475356	275791996
5554400	23776066606	274494788
5819700	23776066606	274494788
5501760	23316880732	269193264
5744816	23316880732	269193264
5791944	24555821255	283496404
5939472	24555821255	283496404
5806280	24758145787	285832240
5995108	24758145787	285832240
5488124	23351000112	269587008
5716164	23351000112	269587008
6194768	26588472114	306963008
6373164	26588472114	306963008
5928072	25068599000	289416156
6196440	25068599000	289416156
5502340	23483379567	271114876
5745684	23483379567	271114876
6011568	25844042260	298370576
6104068	25844042260	298370576
5558320	23869338532	275571088
5642172	23869338532	275571088
6255584	26708586393	308349576
6503512	26708586393	308349576
6548652	27886913332	321953400
6764992	27886913332	321953400
6093820	26011737464	300307612
6442864	26011737464	300307612
6553436	28125529690	324711672
6876608	28125529690	324711672
5219468	23247464655	268393772
5411196	23247464655	268393772
5639260	24242649810	279883096
5903124	24242649810	279883096
5551084	23653755279	273083732
5974256	23653755279	273083732
5607152	23891098661	275824980
5873088	23891098661	275824980
6630700	28565701052	329792496
6896556	28565701052	329792496
6482932	27811953998	321091368
6839392	27811953998	321091368
5226160	22358111229	258126068
5365536	22358111229	258126068
6004832	25600243047	295556656
6234120	25600243047	295556656
5567188	23956813177	276582744
5720520	23956813177	276582744
5440136	23424196671	270435404
5696724	23424196671	270435404
5802976	24949232601	288041728
5916296	24949232601	288041728
5996772	24723734442	285431776
6313688	24723734442	285431776
5129152	21389088861	246933080
5264256	21389088861	246933080
5570704	23930952263	276284560
5876204	23930952263	276284560
5828588	25449203761	293812760
6043120	25449203761	293812760
5548000	23862838624	275498760
5824240	23862838624	275498760
5942772	25437965717	293683976
6330616	25437965717	293683976
5689428	24685913518	285000608
5891796	24685913518	285000608
5611832	24082992163	278040444
5764676	24082992163	278040444
5264180	22774545722	262933540
5426212	22774545722	262933540
5503568	23748386850	274176372
5739064	23748386850	274176372
5454956	23615475963	272641836
5626644	23615475963	272641836
5538008	23858490542	275447680
5699532	23858490542	275447680
5801156	25150417555	290362992
6069948	25150417555	290362992
5556560	23853397350	275389192
5786576	23853397350	275389192
6067560	25266239130	291701888
6501200	25266239130	291701888
6782776	28252198376	326170208
7143056	28252198376	326170208
5761040	24978089068	288373600
5982864	24978089068	288373600
5406312	23688715154	273487848
5514160	23688715154	273487848
5802316	24898888660	287458752
6081516	24898888660	287458752
5653160	24410126127	281816148
5844268	24410126127	281816148
6145804	26626424636	307403388
6471700	26626424636	307403388
5766292	25004676815	288680388
5981444	25004676815	288680388
5518404	23658868669	273143560
5824720	23658868669	273143560
5455992	23360461259	269698256
5766000	23360461259	269698256
5610468	24170524808	279049488
5898920	24170524808	279049488
5564524	23963494571	276660424
5872932	23963494571	276660424
5655720	24059543920	277768868
6080056	24059543920	277768868
5557476	23943613384	276430284
5957212	23943613384	276430284
5488912	23402887047	270189592
5821888	23402887047	270189592
5617404	24152477663	278843608
5832256	24152477663	278843608
5640872	24520659055	283091980
5914408	24520659055	283091980
5643856	24286488674	280389396
6011548	24286488674	280389396
5296188	22704265519	262121864
5576036	22704265519	262121864
5573788	23980093941	276852076
5784452	23980093941	276852076
5863760	25279019425	291843604
6162836	25279019425	291843604
6378592	27848993737	321514640
6697472	27848993737	321514640
6263568	27371943977	316006860
6513464	27371943977	316006860
6347756	27656186103	319288604
6734420	27656186103	319288604
6145092	26783771335	309215796
6452768	26783771335	309215796
5832160	25668640202	296342568
6019036	25668640202	296342568
5424716	22408198048	258699408
5680204	22408198048	258699408
5800044	23899859822	275919368
5915044	23899859822	275919368
6468220	27155339295	313505176
6965676	27155339295	313505176
7049520	29547401773	341122156
7445596	29547401773	341122156
5438788	23131078950	267047244
5743356	23131078950	267047244
5126188	21746122556	251061372
5290964	21746122556	251061372
5865680	24668004549	284784808
6309292	24668004549	284784808
5292568	22099347621	255130216
5511820	22099347621	255130216
6296736	27426749663	316640136
6647248	27426749663	316640136
5808268	24888655997	287336984
6130836	24888655997	287336984
6462520	28105480032	324475564
6907948	28105480032	324475564
5957940	26211245611	302606580
6121120	26211245611	302606580
5919192	26010639407	300291628
6147028	26010639407	300291628
5738624	25103557696	289818860
5887748	25103557696	289818860
5356484	22867905275	264011704
5492880	22867905275	264011704
5623756	24154184190	278861976
5725164	24154184190	278861976
6179732	26799390707	309396840
6808684	26799390707	309396840
5578036	24189979938	279271240
5830960	24189979938	279271240
5726676	24618571173	284219000
6139360	24618571173	284219000
5979532	25992816504	300084564
6247420	25992816504	300084564
6015300	25973355859	299860088
6365140	25973355859	299860088
5676164	24296404097	280499748
5847100	24296404097	280499748
5730264	24656459589	284656740
6110336	24656459589	284656740
6553308	29409641776	339531964
6541964	29409641776	339531964
6295008	27344662022	315691860
6700204	27344662022	315691860
6309252	27683160453	319598668
6385512	27683160453	319598668
5205228	22429818938	258953048
5428496	22429818938	258953048
5348460	23100652379	266698012
5475536	23100652379	266698012
5992812	25880652524	298792184
6131580	25880652524	298792184
5305292	22848157733	263782780
5408352	22848157733	263782780
6256868	27120258149	313101008
6563036	27120258149	313101008
5389916	23739370273	274068220
5417384	23739370273	274068220
6583412	28747195340	331883460
6733264	28747195340	331883460
5666756	24547622550	283400024
5845852	24547622550	283400024
5866008	25241871558	291419368
6048116	25241871558	291419368
6295376	27359917364	315870976
6430676	27359917364	315870976
6246200	27112979144	313017556
6618820	27112979144	313017556
5360480	22888580947	264246156
5609692	22888580947	264246156
5704400	24649502230	284579280
5877200	24649502230	284579280
5948904	25640803040	296025972
6156732	25640803040	296025972
6442256	27743620680	320301348
6595548	27743620680	320301348
6687512	28892433753	333564572
6848400	28892433753	333564572
6167448	26800990042	309415208
6536760	26800990042	309415208
5752448	25099648749	289774092
6009236	25099648749	289774092
5852692	25251092043	291521124
6243604	25251092043	291521124
5174972	22353981343	258074800
5277504	22353981343	258074800
5771964	24698998579	285146892
6000168	24698998579	285146892
5926244	25746222552	297238116
6270500	25746222552	297238116
5200212	22231814289	256663564
5352224	22231814289	256663564
5278028	22837743981	263659488